<isatab-config-file xmlns="http://www.ebi.ac.uk/bii/isatab_configuration#"><isatab-configuration table-name="cellcount_flowcytometry" isatab-assay-type="generic_assay" isatab-conversion-target="generic"><measurement term-label="cell counting" term-accession="1111111" source-abbreviation="OBI"/><technology term-label="flow cytometry" term-accession="2222222" source-abbreviation="OBI"/><field header="Sample Name" data-type="String" is-file-field="false" is-multiple-value="true" is-required="true" is-hidden="false" is-forced-ontology="false"><description><![CDATA[the name identifying the sample]]></description><default-value><![CDATA[]]></default-value><generated-value-template>[INSTITUTION].Group-[GROUP_NO].Subject-[SUBJECT_NO].[SAMPLE_EXTRACT]</generated-value-template></field><protocol-field protocol-type ="labeling"/><field header="Labeled Sample Name" data-type="String" is-file-field="false" is-multiple-value="false" is-required="true" is-hidden="false" is-forced-ontology="false"><description><![CDATA[a name identifying the labeled sample.]]></description><default-value><![CDATA[]]></default-value><generated-value-template>[INSTITUTION].Group-[GROUP_NO].Subject-[SUBJECT_NO].[SAMPLE_EXTRACT]</generated-value-template></field><field header="Label" data-type="Ontology term" is-file-field="false" is-multiple-value="false" is-required="true" is-hidden="false" is-forced-ontology="false"><description><![CDATA[a semi-colon separated value of dyes selected from CHEBI]]></description><default-value><![CDATA[]]></default-value><recommended-ontologies><ontology id="1007" abbreviation="CHEBI" name="Chemical entities of biological interest" version="40664"/></recommended-ontologies></field><field header="Assay Name" data-type="String" is-file-field="false" is-multiple-value="false" is-required="true" is-hidden="false" is-forced-ontology="false"><description><![CDATA[the name identifying the assay]]></description><default-value><![CDATA[]]></default-value><generated-value-template>[INSTITUTION].Group-[GROUP_NO].Subject-[SUBJECT_NO].[SAMPLE_EXTRACT].Extract-[EXTRACT_COUNT].LE-[LABEL_COUNT].ASSAY-[HYB_COUNT]</generated-value-template></field><protocol-field protocol-type ="data collection"/><field header="Parameter Value[flow cytometry instrument]" data-type="Ontology term" is-file-field="false" is-multiple-value="false" is-required="false" is-hidden="false" is-forced-ontology="false"><description><![CDATA[instrument]]></description><default-value><![CDATA[]]></default-value></field><field header="Parameter Value[optical path]" data-type="String" is-file-field="false" is-multiple-value="false" is-required="false" is-hidden="false" is-forced-ontology="false"><description><![CDATA[the optical path]]></description><default-value><![CDATA[]]></default-value></field><field header="Parameter Value[detector voltage]" data-type="Integer" is-file-field="false" is-multiple-value="false" is-required="false" is-hidden="false" is-forced-ontology="false"><description><![CDATA[detector voltage]]></description><default-value><![CDATA[]]></default-value></field><unit-field data-type="Ontology term" is-multiple-value="false" is-required="false">" is-forced-ontology="false<description>unit"</description><recommended-ontologies><ontology id="1112" abbreviation="UO" name="Units of measurement" version="40305"/></recommended-ontologies></unit-field><field header="Image File" data-type="String" is-file-field="true" is-multiple-value="false" is-required="false" is-hidden="false" is-forced-ontology="false"><description><![CDATA[path to image file]]></description><default-value><![CDATA[]]></default-value></field><field header="Raw Data File" data-type="String" is-file-field="true" is-multiple-value="false" is-required="false" is-hidden="false" is-forced-ontology="false"><description><![CDATA[path to fcs datafile]]></description><default-value><![CDATA[]]></default-value></field><protocol-field protocol-type ="gating"/><field header="Data Transformation Name" data-type="String" is-file-field="false" is-multiple-value="false" is-required="false" is-hidden="false" is-forced-ontology="false"><description><![CDATA[a data transformation carried out on the raw data files]]></description><default-value><![CDATA[]]></default-value></field><field header="Derived Data File" data-type="String" is-file-field="true" is-multiple-value="false" is-required="false" is-hidden="false" is-forced-ontology="false"><description><![CDATA[path to gating-ml file]]></description><default-value><![CDATA[]]></default-value></field><structured-field name="factors"/></isatab-configuration></isatab-config-file>