<isatab-config-file xmlns="http://www.ebi.ac.uk/bii/isatab_configuration#"><isatab-configuration table-name="genome_seq" isatab-assay-type="generic_assay" isatab-conversion-target="sra"><measurement term-label="genome sequencing" term-accession="" source-abbreviation=""/><technology term-label="nucleotide sequencing" term-accession="e.g. 12345" source-abbreviation="e.g. OBI"/><field header="Sample Name" data-type="String" is-file-field="false" is-multiple-value="false" is-required="true" is-hidden="false" is-forced-ontology="false"><description><![CDATA[sample name]]></description><default-value><![CDATA[]]></default-value><generated-value-template>[INSTITUTION].Group-[GROUP_NO].Subject-[SUBJECT_NO].[SAMPLE_EXTRACT]</generated-value-template></field><protocol-field protocol-type ="nucleic acid extraction"/><field header="Extract Name" data-type="String" is-file-field="false" is-multiple-value="false" is-required="false" is-hidden="false" is-forced-ontology="false"><description><![CDATA[User-defined names for each portion of extracted material.]]></description><default-value><![CDATA[]]></default-value><generated-value-template>[INSTITUTION].Group-[GROUP_NO].Subject-[SUBJECT_NO].[SAMPLE_EXTRACT].Extract-[EXTRACT_COUNT]</generated-value-template></field><protocol-field protocol-type ="library construction"/><field header="Parameter Value[library source]" data-type="String" is-file-field="false" is-multiple-value="false" is-required="false" is-hidden="false" is-forced-ontology="false"><description><![CDATA[The LIBRARY_SOURCE specifies the type of source material that is being sequenced. (SRA 1.2 documentation)]]></description><default-value><![CDATA[GENOMIC]]></default-value></field><field header="Parameter Value[library strategy]" data-type="List" is-file-field="false" is-multiple-value="false" is-required="false" is-hidden="false" is-forced-ontology="false"><description><![CDATA[Sequencing technique intended for this library (SRA 1.2 documentation)]]></description><default-value><![CDATA[]]></default-value><list-values>AMPLICON,OTHER</list-values></field><field header="Parameter Value[library selection]" data-type="String" is-file-field="false" is-multiple-value="false" is-required="false" is-hidden="false" is-forced-ontology="false"><description><![CDATA[Whether any method was used to select for or against, enrich, or screen the material being sequenced. (SRA 1.2 documentation)]]></description><default-value><![CDATA[]]></default-value></field><field header="Parameter Value[library layout]" data-type="List" is-file-field="false" is-multiple-value="false" is-required="false" is-hidden="false" is-forced-ontology="false"><description><![CDATA[specifies whether to expect single, paired, or other configuration of reads.]]></description><default-value><![CDATA[]]></default-value><list-values>SINGLE,PAIRED</list-values></field><protocol-field protocol-type ="nucleic acid sequencing"/><field header="Parameter Value[sequencing instrument]" data-type="List" is-file-field="false" is-multiple-value="false" is-required="false" is-hidden="false" is-forced-ontology="false"><description><![CDATA[a parameter to report the sequencing instrument model and make]]></description><default-value><![CDATA[]]></default-value><list-values>454 GS,454 GS 20,454 GS FLX,454 GS FLX Titanium,454 GS Junior,GS 20,GS FLX,AB SOLiD System,AB SOLiD System 2.0,AB SOLiD System 3.0,AB SOLiD 4 System,AB SOLiD 4hq System,AB SOLiD PI System,Solexa 1G Genome Analyzer,Illumina Genome Analyzer,Illumina Genome Analyzer II,Illumina Genome Analyzer IIx,Illumina HiSeq 2000,Sanger sequencing instrument</list-values></field><field header="Parameter Value[quality scorer]" data-type="Ontology term" is-file-field="false" is-multiple-value="false" is-required="false" is-hidden="false" is-forced-ontology="false"><description><![CDATA[ENA term if applicable]]></description><default-value><![CDATA[]]></default-value></field><field header="Parameter Value[base caller]" data-type="Ontology term" is-file-field="false" is-multiple-value="false" is-required="false" is-hidden="false" is-forced-ontology="false"><description><![CDATA[ENA term if applicable]]></description><default-value><![CDATA[]]></default-value></field><field header="Assay Name" data-type="String" is-file-field="false" is-multiple-value="false" is-required="true" is-hidden="false" is-forced-ontology="false"><description><![CDATA[assayname]]></description><default-value><![CDATA[]]></default-value></field><field header="Comment[Export]" data-type="List" is-file-field="false" is-multiple-value="false" is-required="false" is-hidden="false" is-forced-ontology="false"><description><![CDATA[Use this field to select/set which records should be exported for a submission to SRA/ENA]]></description><default-value><![CDATA[no]]></default-value><list-values>yes,no</list-values></field><field header="Raw Data File" data-type="String" is-file-field="true" is-multiple-value="false" is-required="false" is-hidden="false" is-forced-ontology="false"><description><![CDATA[raw data]]></description><default-value><![CDATA[]]></default-value></field><protocol-field protocol-type ="sequence assembly"/><field header="Normalization Name" data-type="String" is-file-field="false" is-multiple-value="false" is-required="false" is-hidden="false" is-forced-ontology="false"><description><![CDATA[User-defined name for each normalization applied]]></description><default-value><![CDATA[]]></default-value></field><field header="Data Transformation Name" data-type="String" is-file-field="false" is-multiple-value="false" is-required="false" is-hidden="false" is-forced-ontology="false"><description><![CDATA[a data transformation]]></description><default-value><![CDATA[]]></default-value></field><field header="Derived Data File" data-type="String" is-file-field="true" is-multiple-value="false" is-required="false" is-hidden="false" is-forced-ontology="false"><description><![CDATA[derived data such as an assembly file]]></description><default-value><![CDATA[]]></default-value></field><structured-field name="factors"/></isatab-configuration></isatab-config-file>