<isatab-config-file xmlns="http://www.ebi.ac.uk/bii/isatab_configuration#"><isatab-configuration table-name="metaboliteprofiling_nmr" isatab-assay-type="nmr_spec_assay" isatab-conversion-target="generic"><measurement term-label="metabolite profiling" term-accession="0000366" source-abbreviation="OBI"/><technology term-label="NMR spectroscopy" term-accession="" source-abbreviation="OBI"/><field header="Sample Name" data-type="String" is-file-field="false" is-multiple-value="true" is-required="false" is-hidden="false" is-forced-ontology="false"><description><![CDATA[Samples represent major outputs resulting from a protocol application other than the special case outputs of Extract or a Labeled Extract.]]></description><default-value><![CDATA[]]></default-value><generated-value-template>[INSTITUTION].Group-[GROUP_NO].Subject-[SUBJECT_NO].[SAMPLE_EXTRACT]
            </generated-value-template></field><protocol-field protocol-type ="extraction"/><field header="Extract Name" data-type="String" is-file-field="false" is-multiple-value="false" is-required="false" is-hidden="false" is-forced-ontology="false"><description><![CDATA[User-defined names for each portion of extracted material.]]></description><default-value><![CDATA[]]></default-value><generated-value-template>
                [INSTITUTION].Group-[GROUP_NO].Subject-[SUBJECT_NO].[SAMPLE_EXTRACT].Extract-[EXTRACT_COUNT]
            </generated-value-template></field><protocol-field protocol-type ="labeling"/><field header="Labeled Extract Name" data-type="String" is-file-field="false" is-multiple-value="false" is-required="false" is-hidden="false" is-forced-ontology="false"><description><![CDATA[Identifier for the labeled extract.]]></description><default-value><![CDATA[]]></default-value><generated-value-template>
                [INSTITUTION].Group-[GROUP_NO].Subject-[SUBJECT_NO].[SAMPLE_EXTRACT].Extract-[EXTRACT_COUNT].LE-[LABEL_COUNT]
            </generated-value-template></field><field header="Label" data-type="Ontology term" is-file-field="false" is-multiple-value="false" is-required="false" is-hidden="false" is-forced-ontology="false"><description><![CDATA[Indicates a chemical or biological marker, such as a radioactive isotope or a fluorescent dye which is bound to a material in order to make it detectable by some assay technology (e.g. P33, biotin, GFP).]]></description><default-value><![CDATA[]]></default-value><recommended-ontologies><ontology id="1007" abbreviation="CHEBI" name="Chemical entities of biological interest" version="40664"/></recommended-ontologies></field><protocol-field protocol-type ="NMR spectroscopy"/><field header="Parameter Value[instrument]" data-type="String" is-file-field="false" is-multiple-value="false" is-required="false" is-hidden="false" is-forced-ontology="false"><description><![CDATA[the name of the NMR instrument]]></description><default-value><![CDATA[]]></default-value></field><field header="Parameter Value[NMR Probe]" data-type="String" is-file-field="false" is-multiple-value="false" is-required="false" is-hidden="false" is-forced-ontology="false"><description><![CDATA[the type of probe fitted to the spectroscope]]></description><default-value><![CDATA[]]></default-value></field><field header="Parameter Value[number of acquisition]" data-type="String" is-file-field="false" is-multiple-value="false" is-required="false" is-hidden="false" is-forced-ontology="false"><description><![CDATA[a parameter to indicate the number of acquisition used to generate the fid]]></description><default-value><![CDATA[]]></default-value></field><field header="Parameter Value[magnetic field strength]" data-type="String" is-file-field="false" is-multiple-value="false" is-required="false" is-hidden="false" is-forced-ontology="false"><description><![CDATA[a parameter expressed in tesla to report the strength of the]]></description><default-value><![CDATA[]]></default-value></field><unit-field data-type="Ontology term" is-multiple-value="false" is-required="false">" is-forced-ontology="false<description>unit"</description></unit-field><field header="Acquisition Parameter Data File" data-type="String" is-file-field="true" is-multiple-value="false" is-required="false" is-hidden="false" is-forced-ontology="false"><description><![CDATA[Name (or URI) of the acquisition parameter data file gathered for this assay.]]></description><default-value><![CDATA[]]></default-value></field><protocol-field protocol-type ="nmr assay"/><field header="NMR Assay Name" data-type="String" is-file-field="false" is-multiple-value="false" is-required="false" is-hidden="false" is-forced-ontology="false"><description><![CDATA[User-defined name for a NMR assay.]]></description><default-value><![CDATA[]]></default-value><generated-value-template>
                [INSTITUTION].Group-[GROUP_NO].Subject-[SUBJECT_NO].[SAMPLE_EXTRACT].Extract-[EXTRACT_COUNT].LE-[LABEL_COUNT].NMRASSAY-[HYB_COUNT]
            </generated-value-template></field><field header="Free Induction Decay Data File" data-type="String" is-file-field="true" is-multiple-value="false" is-required="false" is-hidden="false" is-forced-ontology="false"><description><![CDATA[Name (or URI) of the free induction decay data file gathered for this assay.]]></description><default-value><![CDATA[]]></default-value></field><protocol-field protocol-type ="data normalization"/><field header="Normalization Name" data-type="String" is-file-field="false" is-multiple-value="false" is-required="false" is-hidden="false" is-forced-ontology="false"><description><![CDATA[User-defined name for each normalization applied]]></description><default-value><![CDATA[]]></default-value></field><protocol-field protocol-type ="data transformation"/><field header="Data Transformation Name" data-type="String" is-file-field="false" is-multiple-value="true" is-required="false" is-hidden="false" is-forced-ontology="false"><description><![CDATA[User-defined name for each data transformation applied]]></description><default-value><![CDATA[]]></default-value></field><field header="Derived Spectral Data File" data-type="String" is-file-field="true" is-multiple-value="false" is-required="false" is-hidden="false" is-forced-ontology="false"><description><![CDATA[Name (or URI) of the derived data file generated from spectral data by an assay.]]></description><default-value><![CDATA[]]></default-value></field><field header="Metabolite Assignment File" data-type="String" is-file-field="true" is-multiple-value="false" is-required="false" is-hidden="false" is-forced-ontology="false"><description><![CDATA[Name (or URI) of the metabolite assignment file gathered for this assay.]]></description><default-value><![CDATA[]]></default-value></field><structured-field name="factors"/></isatab-configuration></isatab-config-file>