<isatab-config-file xmlns="http://www.ebi.ac.uk/bii/isatab_configuration#"><isatab-configuration table-name="structuralChemistry_CE" isatab-assay-type="generic_assay" isatab-conversion-target="generic"><measurement term-label="Acid Dissociation Constant" term-accession="" source-abbreviation=""/><technology term-label="Continuum Electrostatics" term-accession="" source-abbreviation=""/><field header="Sample Name" data-type="List" is-file-field="false" is-multiple-value="false" is-required="true" is-hidden="false" is-forced-ontology="false"><description><![CDATA[select software for calculating pKa value when using continuous electrostatics methods]]></description><default-value><![CDATA[]]></default-value><list-values>PROPKA,MCCE,S-FDPB,F-FDPB,PAC</list-values></field><field header="Extract Name" data-type="String" is-file-field="false" is-multiple-value="false" is-required="false" is-hidden="false" is-forced-ontology="false"><description><![CDATA[Sample extract qualifier]]></description><default-value><![CDATA[]]></default-value></field><field header="Assay Name" data-type="String" is-file-field="false" is-multiple-value="false" is-required="true" is-hidden="false" is-forced-ontology="false"><description><![CDATA[Assay reference name]]></description><default-value><![CDATA[]]></default-value></field><protocol-field protocol-type ="Poisson-Boltzmann Continuum Electrostatic Equations"/><field header="Parameter Value[pKa]" data-type="String" is-file-field="false" is-multiple-value="false" is-required="false" is-hidden="false" is-forced-ontology="false"><description><![CDATA[fixed or measured value of pKa]]></description><default-value><![CDATA[]]></default-value></field><field header="Parameter Value[dielectric constant]" data-type="String" is-file-field="false" is-multiple-value="false" is-required="false" is-hidden="false" is-forced-ontology="false"><description><![CDATA[fixed or measured value of the dielectric constant of the protein]]></description><default-value><![CDATA[]]></default-value></field><field header="Parameter Value[free energy: dehydration]" data-type="String" is-file-field="false" is-multiple-value="false" is-required="false" is-hidden="false" is-forced-ontology="false"><description><![CDATA[continuum electrostatics free energy from dehydration]]></description><default-value><![CDATA[]]></default-value></field><unit-field data-type="Ontology term" is-multiple-value="false" is-required="false" is-forced-ontology="false"><description>unit of energy"</description></unit-field><field header="Parameter Value[free energy: polar]" data-type="String" is-file-field="false" is-multiple-value="false" is-required="false" is-hidden="false" is-forced-ontology="false"><description><![CDATA[continuum electrostatics free energy value from interation with polar groups (Van der Waals?)]]></description><default-value><![CDATA[]]></default-value></field><unit-field data-type="Ontology term" is-multiple-value="false" is-required="false" is-forced-ontology="false"><description>unit of energy"</description></unit-field><field header="Parameter Value[free energy: coulomb]" data-type="String" is-file-field="false" is-multiple-value="false" is-required="false" is-hidden="false" is-forced-ontology="false"><description><![CDATA[continuum electrostatics free energy value from interactions with ionizable sites]]></description><default-value><![CDATA[]]></default-value></field><unit-field data-type="Ontology term" is-multiple-value="false" is-required="false" is-forced-ontology="false"><description>unit of energy"</description></unit-field><field header="Parameter Value[software]" data-type="List" is-file-field="false" is-multiple-value="false" is-required="false" is-hidden="false" is-forced-ontology="false"><description><![CDATA[select software used to compute pKa value when using continuum electrostatics technology]]></description><default-value><![CDATA[]]></default-value><list-values>PROPKA,MCCE,other</list-values></field><field header="Parameter Value[software (from CV)]" data-type="Ontology term" is-file-field="false" is-multiple-value="false" is-required="false" is-hidden="false" is-forced-ontology="false"><description><![CDATA[select software used to compute pKa value when using continuum electrostatics technology. (values from NanoParticle Ontology)]]></description><default-value></default-value><recommended-ontologies><ontology id="1083" abbreviation="NPO" name="NanoParticle Ontology" version="49076"/></recommended-ontologies></field><field header="Raw Data File" data-type="String" is-file-field="false" is-multiple-value="false" is-required="true" is-hidden="false" is-forced-ontology="false"><description><![CDATA[raw data file]]></description><default-value><![CDATA[]]></default-value></field><structured-field name="factors"/></isatab-configuration></isatab-config-file>
