<isatab-config-file xmlns="http://www.ebi.ac.uk/bii/isatab_configuration#"><isatab-configuration table-name="structuralChemistry" isatab-assay-type="nmr_spec_assay" isatab-conversion-target="generic"><measurement term-label="Acid Dissociation Constant" term-accession="C" source-abbreviation="NCI"/><technology term-label="NMR Spectroscopy" term-accession="C16921" source-abbreviation="NCI"/><field header="Sample Name" data-type="String" is-file-field="false" is-multiple-value="false" is-required="false" is-hidden="false" is-forced-ontology="false"><description><![CDATA[Sample descriptive name for titrated crystalized protein]]></description><default-value><![CDATA[]]></default-value></field><protocol-field protocol-type ="titration"/><field header="Assay Name" data-type="String" is-file-field="false" is-multiple-value="false" is-required="false" is-hidden="false" is-forced-ontology="false"><description><![CDATA[Name of assay performed]]></description><default-value><![CDATA[]]></default-value></field><field header="Extract Name" data-type="String" is-file-field="false" is-multiple-value="false" is-required="false" is-hidden="false" is-forced-ontology="false"><description><![CDATA[User-defined name of sample extraction]]></description><default-value><![CDATA[]]></default-value></field><protocol-field protocol-type ="NMR spectroscopy"/><field header="Parameter Value[Experimental Results: pKa]" data-type="String" is-file-field="false" is-multiple-value="false" is-required="false" is-hidden="false" is-forced-ontology="false"><description><![CDATA[Measurment of pKa in protein residues via NMR spectroscopy]]></description><default-value><![CDATA[]]></default-value></field><field header="Parameter Value[Derived Experimental Results]" data-type="String" is-file-field="false" is-multiple-value="false" is-required="false" is-hidden="false" is-forced-ontology="false"><description><![CDATA[Measurement of change in pKa relative to model compounds]]></description><default-value><![CDATA[]]></default-value></field><unit-field data-type="Ontology term" is-multiple-value="false" is-required="false">" is-forced-ontology="false<description>Unit of measurment"</description></unit-field><field header="Parameter Value[Derived Experimental Results 2]" data-type="String" is-file-field="false" is-multiple-value="false" is-required="false" is-hidden="false" is-forced-ontology="false"><description><![CDATA[Additional derived experimental results]]></description><default-value><![CDATA[]]></default-value></field><unit-field data-type="Ontology term" is-multiple-value="false" is-required="false">" is-forced-ontology="false<description>Unit of measurment"</description></unit-field><field header="Parameter Value[Derived Experimental Results 3]" data-type="String" is-file-field="false" is-multiple-value="false" is-required="false" is-hidden="false" is-forced-ontology="false"><description><![CDATA[Additional derived experimental results]]></description><default-value><![CDATA[]]></default-value></field><unit-field data-type="Ontology term" is-multiple-value="false" is-required="false">" is-forced-ontology="false<description>Unit of measurment"</description></unit-field><protocol-field protocol-type ="Protein titration curve plotting"/><field header="Raw Data File" data-type="String" is-file-field="true" is-multiple-value="false" is-required="false" is-hidden="true" is-forced-ontology="false"><description><![CDATA[Attach raw data file if available]]></description><default-value><![CDATA[]]></default-value></field><structured-field name="factors"/></isatab-configuration></isatab-config-file>