<isatab-config-file xmlns="http://www.ebi.ac.uk/bii/isatab_configuration#"><isatab-configuration table-name="studySample"><measurement term-label="[Sample]" term-accession="e.g. 12345" source-abbreviation="e.g. OBI"/><technology term-label="" term-accession="e.g. 12345" source-abbreviation="e.g. OBI"/><field header="Source Name" data-type="String" is-file-field="false" is-multiple-value="false" is-required="true" is-hidden="false" is-forced-ontology="false"><description><![CDATA[Sources are considered as the starting biological material used in a study.]]></description><default-value><![CDATA[]]></default-value><generated-value-template>[INSTITUTION].Group-[GROUP_NO].Subject-[SUBJECT_NO]</generated-value-template></field><field header="Characteristics[organism]" data-type="Ontology term" is-file-field="false" is-multiple-value="false" is-required="false" is-hidden="false" is-forced-ontology="false"><description><![CDATA[Provide a taxonomic information associated to the Source Biological material (for example, Species, genus, strain,....). Ideally, provide NCBI TaxID or NEWT identifier]]></description><default-value><![CDATA[]]></default-value></field><protocol-field protocol-type ="sample collection"/><field header="Sample Name" data-type="String" is-file-field="false" is-multiple-value="false" is-required="true" is-hidden="false" is-forced-ontology="false"><description><![CDATA[Samples represent major outputs resulting from a protocol application other than the special case outputs of Extract or a Labeled Extract.]]></description><default-value><![CDATA[]]></default-value><generated-value-template>[INSTITUTION].Group-[GROUP_NO].Subject-[SUBJECT_NO].[SAMPLE_EXTRACT]</generated-value-template></field><structured-field name="characteristics"/><structured-field name="factors"/></isatab-configuration></isatab-config-file>